insert into fornecedor (nif, nome) values (100000001, 'Joao Ferreira');
insert into fornecedor (nif, nome) values (100000002, 'Andre Silva');
insert into fornecedor (nif, nome) values (100000003, 'Paulo Andrade');
insert into fornecedor (nif, nome) values (100000004, 'Ferreira Martins');
insert into fornecedor (nif, nome) values (100000005, 'Sousa Meireles');
insert into fornecedor (nif, nome) values (100000006, 'Miguel Lopes');
insert into fornecedor (nif, nome) values (100000007, 'Fernando Costa');
insert into fornecedor (nif, nome) values (100000008, 'Joana Castelo');
insert into fornecedor (nif, nome) values (100000009, 'Matilde Rodrigues');
insert into fornecedor (nif, nome) values (100000010, 'Fernanda Gomes');
insert into fornecedor (nif, nome) values (100000011, 'Andreia Sousa');
insert into fornecedor (nif, nome) values (100000012, 'Eduardo Simao');
insert into fornecedor (nif, nome) values (100000013, 'Micaela Lopes');
insert into fornecedor (nif, nome) values (100000014, 'Evelina Fonseca');
insert into fornecedor (nif, nome) values (100000015, 'Marta Gouveia');
insert into fornecedor (nif, nome) values (100000016, 'Celia de Sousa');
insert into fornecedor (nif, nome) values (100000017, 'Jose Faria');
insert into fornecedor (nif, nome) values (100000018, 'Henrique Goldberg');
insert into fornecedor (nif, nome) values (100000019, 'Gabriela Ramirez');
insert into fornecedor (nif, nome) values (100000020, 'John Martin');
insert into fornecedor (nif, nome) values (100000021, 'Gerard Martin');
insert into fornecedor (nif, nome) values (100000022, 'Pierre Hernandez');
insert into fornecedor (nif, nome) values (100000023, 'Enzo de Sousa');
insert into fornecedor (nif, nome) values (100000024, 'Carlos Andrade');
insert into fornecedor (nif, nome) values (100000025, 'Salvador Mendes');
insert into categoria values ('Alimentacao');
insert into categoria values ('Origem animal');
insert into categoria values ('Origem vegetal');
insert into categoria values ('Carne');
insert into categoria values ('Peixe');
insert into categoria values ('Frutas');
insert into categoria values ('Vegetais');
insert into categoria values ('Material eletrico');
insert into categoria values ('Vaca');
insert into categoria values ('Peru');
insert into categoria values ('Robalo');
insert into categoria values ('Bacalhau');
insert into categoria values ('Laranja');
insert into categoria values ('Hortalica');
insert into categoria values ('Lampadas');
insert into categoria values ('Fichas triplas');
insert into categoria values ('Material escolar');
insert into categoria values ('Bife da vazia');
insert into categoria values ('Hamburguer de vaca');
insert into categoria values ('Bife de peru');
insert into categoria values ('Posta de bacalhau');
insert into categoria values ('Bacalhau inteiro');
insert into categoria values ('Lampadas LED');
insert into categoria values ('Lampadas incandescentes');
insert into categoria values ('Canetas');
insert into categoria values ('Mochilas');
insert into categoria values ('Cadernos');
insert into categoria values ('Pregos');
insert into categoria_simples values ('Robalo');
insert into categoria_simples values ('Laranja');
insert into categoria_simples values ('Hortalica');
insert into categoria_simples values ('Fichas triplas');
insert into categoria_simples values ('Bife da vazia');
insert into categoria_simples values ('Hamburguer de vaca');
insert into categoria_simples values ('Bife de peru');
insert into categoria_simples values ('Posta de bacalhau');
insert into categoria_simples values ('Bacalhau inteiro');
insert into categoria_simples values ('Lampadas LED');
insert into categoria_simples values ('Lampadas incandescentes');
insert into categoria_simples values ('Canetas');
insert into categoria_simples values ('Mochilas');
insert into categoria_simples values ('Cadernos');
insert into categoria_simples values ('Pregos');
insert into super_categoria values ('Alimentacao');
insert into super_categoria values ('Origem animal');
insert into super_categoria values ('Origem vegetal');
insert into super_categoria values ('Carne');
insert into super_categoria values ('Peixe');
insert into super_categoria values ('Frutas');
insert into super_categoria values ('Vegetais');
insert into super_categoria values ('Material eletrico');
insert into super_categoria values ('Vaca');
insert into super_categoria values ('Peru');
insert into super_categoria values ('Bacalhau');
insert into super_categoria values ('Lampadas');
insert into super_categoria values ('Material escolar');
insert into constituida (super_categoria, categoria) values ('Alimentacao', 'Origem animal');
insert into constituida (super_categoria, categoria) values ('Alimentacao', 'Origem vegetal');
insert into constituida (super_categoria, categoria) values ('Origem animal', 'Carne');
insert into constituida (super_categoria, categoria) values ('Origem animal', 'Peixe');
insert into constituida (super_categoria, categoria) values ('Origem vegetal', 'Frutas');
insert into constituida (super_categoria, categoria) values ('Origem vegetal', 'Vegetais');
insert into constituida (super_categoria, categoria) values ('Carne', 'Vaca');
insert into constituida (super_categoria, categoria) values ('Carne', 'Peru');
insert into constituida (super_categoria, categoria) values ('Peixe', 'Robalo');
insert into constituida (super_categoria, categoria) values ('Peixe', 'Bacalhau');
insert into constituida (super_categoria, categoria) values ('Frutas', 'Laranja');
insert into constituida (super_categoria, categoria) values ('Vegetais', 'Hortalica');
insert into constituida (super_categoria, categoria) values ('Material eletrico', 'Lampadas');
insert into constituida (super_categoria, categoria) values ('Material eletrico', 'Fichas triplas');
insert into constituida (super_categoria, categoria) values ('Vaca', 'Bife da vazia');
insert into constituida (super_categoria, categoria) values ('Vaca', 'Hamburguer de vaca');
insert into constituida (super_categoria, categoria) values ('Peru', 'Bife de peru');
insert into constituida (super_categoria, categoria) values ('Bacalhau', 'Posta de bacalhau');
insert into constituida (super_categoria, categoria) values ('Bacalhau', 'Bacalhau inteiro');
insert into constituida (super_categoria, categoria) values ('Lampadas', 'Lampadas LED');
insert into constituida (super_categoria, categoria) values ('Lampadas', 'Lampadas incandescentes');
insert into constituida (super_categoria, categoria) values ('Material escolar', 'Canetas');
insert into constituida (super_categoria, categoria) values ('Material escolar', 'Mochilas');
insert into constituida (super_categoria, categoria) values ('Material escolar', 'Cadernos');
insert into produto (ean, design, categoria, forn_primario, data) values (1000000000001, 'Robalo de Cascais', 'Robalo', 100000006, date '2001-01-15');
insert into produto (ean, design, categoria, forn_primario, data) values (1000000000002, 'Robalo do Algarve', 'Robalo', 100000001, date '2001-02-16');
insert into produto (ean, design, categoria, forn_primario, data) values (1000000000003, 'Robalo do Minho', 'Robalo', 100000002, date '2001-03-17');
insert into produto (ean, design, categoria, forn_primario, data) values (1000000000004, 'Laranja do Algarve', 'Laranja', 100000006, date '2001-04-18');
insert into produto (ean, design, categoria, forn_primario, data) values (1000000000005, 'Laranja de Espanha', 'Laranja', 100000003, date '2001-05-19');
insert into produto (ean, design, categoria, forn_primario, data) values (1000000000006, 'Hortalica do Ribatejo', 'Hortalica', 100000006, date '2001-06-20');
insert into produto (ean, design, categoria, forn_primario, data) values (1000000000007, 'Hortalica de Tras-os-Montes', 'Hortalica', 100000004, date '2001-07-21');
insert into produto (ean, design, categoria, forn_primario, data) values (1000000000008, 'Hortalica de Franca', 'Hortalica', 100000005, date '2001-08-22');
insert into produto (ean, design, categoria, forn_primario, data) values (1000000000009, 'Ficha tripla de 3 fichas', 'Fichas triplas', 100000006, date '2001-09-23');
insert into produto (ean, design, categoria, forn_primario, data) values (1000000000010, 'Ficha tripla de 5 fichas', 'Fichas triplas', 100000007, date '2001-10-24');
insert into produto (ean, design, categoria, forn_primario, data) values (1000000000011, 'Ficha tripla de 10 fichas', 'Fichas triplas', 100000008, date '2001-11-25');
insert into produto (ean, design, categoria, forn_primario, data) values (1000000000012, 'Ficha tripla de 15 fichas', 'Fichas triplas', 100000009, date '2001-12-26');
insert into produto (ean, design, categoria, forn_primario, data) values (1000000000013, 'Bife da vazia do Norte', 'Bife da vazia', 100000006, date '2002-01-27');
insert into produto (ean, design, categoria, forn_primario, data) values (1000000000014, 'Bife da vazia do Alentejo', 'Bife da vazia', 100000010, date '2002-02-28');
insert into produto (ean, design, categoria, forn_primario, data) values (1000000000015, 'Hamburguer de vaca da Iglo', 'Hamburguer de vaca', 100000006, date '2002-03-29');
insert into produto (ean, design, categoria, forn_primario, data) values (1000000000016, 'Hamburguer de vaca de marca branca', 'Hamburguer de vaca', 100000011, date '2002-04-30');
insert into produto (ean, design, categoria, forn_primario, data) values (1000000000017, 'Bife de peru da Beira Baixa', 'Bife de peru', 100000006, date '2002-05-31');
insert into produto (ean, design, categoria, forn_primario, data) values (1000000000018, 'Posta de bacalhau da Terra Nova', 'Posta de bacalhau', 100000006, date '2002-06-01');
insert into produto (ean, design, categoria, forn_primario, data) values (1000000000019, 'Posta de bacalhau da Noruega', 'Posta de bacalhau', 100000012, date '2002-07-02');
insert into produto (ean, design, categoria, forn_primario, data) values (1000000000020, 'Bacalhau inteiro dos Acores', 'Bacalhau inteiro', 100000006, date '2002-08-03');
insert into produto (ean, design, categoria, forn_primario, data) values (1000000000021, 'Bacalhau inteiro da Terra Nova', 'Bacalhau inteiro', 100000013, date '2002-09-04');
insert into produto (ean, design, categoria, forn_primario, data) values (1000000000022, 'Lampada LED de 1000W', 'Lampadas LED', 100000006, date '2002-10-05');
insert into produto (ean, design, categoria, forn_primario, data) values (1000000000023, 'Lampada LED de 500W', 'Lampadas LED', 100000014, date '2002-11-06');
insert into produto (ean, design, categoria, forn_primario, data) values (1000000000024, 'Lampada incandescente de 2000W', 'Lampadas incandescentes', 100000006, date '2002-12-07');
insert into produto (ean, design, categoria, forn_primario, data) values (1000000000025, 'Caneta azul BIC', 'Canetas', 100000006, date '2003-01-08');
insert into produto (ean, design, categoria, forn_primario, data) values (1000000000026, 'Caneta preta BIC', 'Canetas', 100000015, date '2003-02-09');
insert into produto (ean, design, categoria, forn_primario, data) values (1000000000027, 'Caneta verde BIC', 'Canetas', 100000006, date '2003-03-10');
insert into produto (ean, design, categoria, forn_primario, data) values (1000000000028, 'Caneta preta de marca branca', 'Canetas', 100000007, date '2003-04-11');
insert into produto (ean, design, categoria, forn_primario, data) values (1000000000029, 'Caneta azul de marca branca', 'Canetas', 100000008, date '2003-05-12');
insert into produto (ean, design, categoria, forn_primario, data) values (1000000000030, 'Mochila de marca branca', 'Mochilas', 100000006, date '2003-06-13');
insert into produto (ean, design, categoria, forn_primario, data) values (1000000000031, 'Caderno da Oxford', 'Cadernos', 100000006, date '2003-07-14');
insert into produto (ean, design, categoria, forn_primario, data) values (1000000000032, 'Caderno de marca branca', 'Cadernos', 100000009, date '2003-08-15');
insert into produto (ean, design, categoria, forn_primario, data) values (1000000000033, 'Prego de marca branca', 'Pregos', 100000006, date '2003-09-16');
insert into produto (ean, design, categoria, forn_primario, data) values (1000000000034, 'Guia da alimentacao', 'Alimentacao', 100000007, date '2003-10-17');
insert into produto (ean, design, categoria, forn_primario, data) values (1000000000035, 'Guia dos produtos animais', 'Origem animal', 100000007, date '2003-11-18');
insert into produto (ean, design, categoria, forn_primario, data) values (1000000000036, 'Guia dos produtos vegetais', 'Origem vegetal', 100000007, date '2003-12-19');
insert into produto (ean, design, categoria, forn_primario, data) values (1000000000037, 'Guia da carne', 'Carne', 100000007, date '2004-01-20');
insert into produto (ean, design, categoria, forn_primario, data) values (1000000000038, 'Guia do peixe', 'Peixe', 100000007, date '2004-02-21');
insert into produto (ean, design, categoria, forn_primario, data) values (1000000000039, 'Guia das frutas', 'Frutas', 100000007, date '2004-03-22');
insert into produto (ean, design, categoria, forn_primario, data) values (1000000000040, 'Guia dos vegetais', 'Vegetais', 100000007, date '2004-04-23');
insert into produto (ean, design, categoria, forn_primario, data) values (1000000000041, 'Guia do material eletrico', 'Material eletrico', 100000007, date '2004-05-24');
insert into produto (ean, design, categoria, forn_primario, data) values (1000000000042, 'Guia da carne de vaca', 'Vaca', 100000007, date '2004-06-25');
insert into produto (ean, design, categoria, forn_primario, data) values (1000000000043, 'Guia da carne de peru', 'Peru', 100000007, date '2004-07-26');
insert into produto (ean, design, categoria, forn_primario, data) values (1000000000044, 'Guia do bacalhau', 'Bacalhau', 100000007, date '2004-08-27');
insert into produto (ean, design, categoria, forn_primario, data) values (1000000000045, 'Guia das lampadas', 'Lampadas', 100000007, date '2004-09-28');
insert into produto (ean, design, categoria, forn_primario, data) values (1000000000046, 'Guia do material escolar', 'Material escolar', 100000007, date '2004-10-29');
insert into fornece_sec (nif, ean) values (100000011, 1000000000001);
insert into fornece_sec (nif, ean) values (100000012, 1000000000001);
insert into fornece_sec (nif, ean) values (100000013, 1000000000001);
insert into fornece_sec (nif, ean) values (100000014, 1000000000001);
insert into fornece_sec (nif, ean) values (100000015, 1000000000001);
insert into fornece_sec (nif, ean) values (100000016, 1000000000002);
insert into fornece_sec (nif, ean) values (100000017, 1000000000002);
insert into fornece_sec (nif, ean) values (100000018, 1000000000002);
insert into fornece_sec (nif, ean) values (100000019, 1000000000002);
insert into fornece_sec (nif, ean) values (100000020, 1000000000003);
insert into fornece_sec (nif, ean) values (100000021, 1000000000003);
insert into fornece_sec (nif, ean) values (100000022, 1000000000003);
insert into fornece_sec (nif, ean) values (100000023, 1000000000004);
insert into fornece_sec (nif, ean) values (100000024, 1000000000004);
insert into fornece_sec (nif, ean) values (100000025, 1000000000005);
insert into fornece_sec (nif, ean) values (100000011, 1000000000006);
insert into fornece_sec (nif, ean) values (100000011, 1000000000007);
insert into fornece_sec (nif, ean) values (100000012, 1000000000007);
insert into fornece_sec (nif, ean) values (100000013, 1000000000007);
insert into fornece_sec (nif, ean) values (100000014, 1000000000007);
insert into fornece_sec (nif, ean) values (100000015, 1000000000007);
insert into fornece_sec (nif, ean) values (100000016, 1000000000008);
insert into fornece_sec (nif, ean) values (100000017, 1000000000008);
insert into fornece_sec (nif, ean) values (100000018, 1000000000008);
insert into fornece_sec (nif, ean) values (100000019, 1000000000008);
insert into fornece_sec (nif, ean) values (100000020, 1000000000009);
insert into fornece_sec (nif, ean) values (100000011, 1000000000009);
insert into fornece_sec (nif, ean) values (100000012, 1000000000009);
insert into fornece_sec (nif, ean) values (100000013, 1000000000010);
insert into fornece_sec (nif, ean) values (100000014, 1000000000010);
insert into fornece_sec (nif, ean) values (100000015, 1000000000011);
insert into fornece_sec (nif, ean) values (100000012, 1000000000012);
insert into fornece_sec (nif, ean) values (100000016, 1000000000013);
insert into fornece_sec (nif, ean) values (100000017, 1000000000013);
insert into fornece_sec (nif, ean) values (100000018, 1000000000013);
insert into fornece_sec (nif, ean) values (100000019, 1000000000013);
insert into fornece_sec (nif, ean) values (100000020, 1000000000013);
insert into fornece_sec (nif, ean) values (100000011, 1000000000014);
insert into fornece_sec (nif, ean) values (100000012, 1000000000014);
insert into fornece_sec (nif, ean) values (100000013, 1000000000014);
insert into fornece_sec (nif, ean) values (100000014, 1000000000014);
insert into fornece_sec (nif, ean) values (100000015, 1000000000015);
insert into fornece_sec (nif, ean) values (100000016, 1000000000015);
insert into fornece_sec (nif, ean) values (100000017, 1000000000015);
insert into fornece_sec (nif, ean) values (100000018, 1000000000016);
insert into fornece_sec (nif, ean) values (100000019, 1000000000016);
insert into fornece_sec (nif, ean) values (100000020, 1000000000017);
insert into fornece_sec (nif, ean) values (100000013, 1000000000018);
insert into fornece_sec (nif, ean) values (100000011, 1000000000019);
insert into fornece_sec (nif, ean) values (100000016, 1000000000019);
insert into fornece_sec (nif, ean) values (100000013, 1000000000019);
insert into fornece_sec (nif, ean) values (100000014, 1000000000019);
insert into fornece_sec (nif, ean) values (100000015, 1000000000019);
insert into fornece_sec (nif, ean) values (100000016, 1000000000020);
insert into fornece_sec (nif, ean) values (100000017, 1000000000020);
insert into fornece_sec (nif, ean) values (100000018, 1000000000020);
insert into fornece_sec (nif, ean) values (100000019, 1000000000020);
insert into fornece_sec (nif, ean) values (100000020, 1000000000021);
insert into fornece_sec (nif, ean) values (100000011, 1000000000021);
insert into fornece_sec (nif, ean) values (100000012, 1000000000021);
insert into fornece_sec (nif, ean) values (100000013, 1000000000022);
insert into fornece_sec (nif, ean) values (100000014, 1000000000022);
insert into fornece_sec (nif, ean) values (100000015, 1000000000023);
insert into fornece_sec (nif, ean) values (100000014, 1000000000024);
insert into fornece_sec (nif, ean) values (100000016, 1000000000025);
insert into fornece_sec (nif, ean) values (100000017, 1000000000025);
insert into fornece_sec (nif, ean) values (100000018, 1000000000025);
insert into fornece_sec (nif, ean) values (100000019, 1000000000025);
insert into fornece_sec (nif, ean) values (100000020, 1000000000025);
insert into fornece_sec (nif, ean) values (100000011, 1000000000026);
insert into fornece_sec (nif, ean) values (100000012, 1000000000026);
insert into fornece_sec (nif, ean) values (100000013, 1000000000026);
insert into fornece_sec (nif, ean) values (100000014, 1000000000026);
insert into fornece_sec (nif, ean) values (100000015, 1000000000027);
insert into fornece_sec (nif, ean) values (100000016, 1000000000027);
insert into fornece_sec (nif, ean) values (100000017, 1000000000027);
insert into fornece_sec (nif, ean) values (100000018, 1000000000028);
insert into fornece_sec (nif, ean) values (100000019, 1000000000028);
insert into fornece_sec (nif, ean) values (100000020, 1000000000029);
insert into fornece_sec (nif, ean) values (100000015, 1000000000030);
insert into fornece_sec (nif, ean) values (100000011, 1000000000031);
insert into fornece_sec (nif, ean) values (100000012, 1000000000031);
insert into fornece_sec (nif, ean) values (100000013, 1000000000031);
insert into fornece_sec (nif, ean) values (100000014, 1000000000031);
insert into fornece_sec (nif, ean) values (100000015, 1000000000031);
insert into fornece_sec (nif, ean) values (100000016, 1000000000032);
insert into fornece_sec (nif, ean) values (100000017, 1000000000032);
insert into fornece_sec (nif, ean) values (100000018, 1000000000032);
insert into fornece_sec (nif, ean) values (100000019, 1000000000032);
insert into fornece_sec (nif, ean) values (100000020, 1000000000033);
insert into fornece_sec (nif, ean) values (100000011, 1000000000033);
insert into fornece_sec (nif, ean) values (100000012, 1000000000033);
insert into fornece_sec (nif, ean) values (100000011, 1000000000004);
insert into fornece_sec (nif, ean) values (100000012, 1000000000004);
insert into fornece_sec (nif, ean) values (100000013, 1000000000004);
insert into fornece_sec (nif, ean) values (100000014, 1000000000004);
insert into fornece_sec (nif, ean) values (100000015, 1000000000004);
insert into fornece_sec (nif, ean) values (100000016, 1000000000004);
insert into fornece_sec (nif, ean) values (100000017, 1000000000004);
insert into fornece_sec (nif, ean) values (100000018, 1000000000004);
insert into fornece_sec (nif, ean) values (100000019, 1000000000004);
insert into fornece_sec (nif, ean) values (100000020, 1000000000004);
insert into fornece_sec (nif, ean) values (100000011, 1000000000005);
insert into fornece_sec (nif, ean) values (100000012, 1000000000005);
insert into fornece_sec (nif, ean) values (100000013, 1000000000005);
insert into fornece_sec (nif, ean) values (100000014, 1000000000005);
insert into fornece_sec (nif, ean) values (100000015, 1000000000005);
insert into fornece_sec (nif, ean) values (100000016, 1000000000005);
insert into fornece_sec (nif, ean) values (100000017, 1000000000005);
insert into fornece_sec (nif, ean) values (100000018, 1000000000005);
insert into fornece_sec (nif, ean) values (100000019, 1000000000005);
insert into fornece_sec (nif, ean) values (100000020, 1000000000005);
insert into fornece_sec (nif, ean) values (100000016, 1000000000034);
insert into fornece_sec (nif, ean) values (100000017, 1000000000035);
insert into fornece_sec (nif, ean) values (100000018, 1000000000036);
insert into fornece_sec (nif, ean) values (100000019, 1000000000037);
insert into fornece_sec (nif, ean) values (100000020, 1000000000038);
insert into fornece_sec (nif, ean) values (100000016, 1000000000039);
insert into fornece_sec (nif, ean) values (100000017, 1000000000040);
insert into fornece_sec (nif, ean) values (100000018, 1000000000041);
insert into fornece_sec (nif, ean) values (100000019, 1000000000042);
insert into fornece_sec (nif, ean) values (100000020, 1000000000043);
insert into fornece_sec (nif, ean) values (100000016, 1000000000044);
insert into fornece_sec (nif, ean) values (100000017, 1000000000045);
insert into fornece_sec (nif, ean) values (100000018, 1000000000046);
insert into corredor (nro, largura) values (1, 5);
insert into corredor (nro, largura) values (2, 5);
insert into corredor (nro, largura) values (3, 5);
insert into corredor (nro, largura) values (4, 5);
insert into corredor (nro, largura) values (5, 5);
insert into corredor (nro, largura) values (6, 5);
insert into corredor (nro, largura) values (7, 5);
insert into corredor (nro, largura) values (8, 5);
insert into corredor (nro, largura) values (9, 5);
insert into corredor (nro, largura) values (10, 5);
insert into corredor (nro, largura) values (11, 6);
insert into corredor (nro, largura) values (12, 6);
insert into corredor (nro, largura) values (13, 6);
insert into corredor (nro, largura) values (14, 6);
insert into corredor (nro, largura) values (15, 6);
insert into corredor (nro, largura) values (16, 6);
insert into corredor (nro, largura) values (17, 6);
insert into corredor (nro, largura) values (18, 6);
insert into corredor (nro, largura) values (19, 6);
insert into corredor (nro, largura) values (20, 6);
insert into corredor (nro, largura) values (21, 4);
insert into corredor (nro, largura) values (22, 4);
insert into corredor (nro, largura) values (23, 4);
insert into corredor (nro, largura) values (24, 4);
insert into corredor (nro, largura) values (25, 4);
insert into corredor (nro, largura) values (26, 4);
insert into corredor (nro, largura) values (27, 4);
insert into corredor (nro, largura) values (28, 4);
insert into corredor (nro, largura) values (29, 4);
insert into corredor (nro, largura) values (30, 4);
insert into prateleira (nro, lado, altura) values (1, 'Esquerdo', 'Chao');
insert into prateleira (nro, lado, altura) values (1, 'Esquerdo', 'Medio');
insert into prateleira (nro, lado, altura) values (1, 'Esquerdo', 'Superior');
insert into prateleira (nro, lado, altura) values (1, 'Direito', 'Chao');
insert into prateleira (nro, lado, altura) values (1, 'Direito', 'Medio');
insert into prateleira (nro, lado, altura) values (1, 'Direito', 'Superior');
insert into prateleira (nro, lado, altura) values (2, 'Esquerdo', 'Chao');
insert into prateleira (nro, lado, altura) values (2, 'Esquerdo', 'Medio');
insert into prateleira (nro, lado, altura) values (2, 'Esquerdo', 'Superior');
insert into prateleira (nro, lado, altura) values (2, 'Direito', 'Chao');
insert into prateleira (nro, lado, altura) values (2, 'Direito', 'Medio');
insert into prateleira (nro, lado, altura) values (2, 'Direito', 'Superior');
insert into prateleira (nro, lado, altura) values (3, 'Esquerdo', 'Chao');
insert into prateleira (nro, lado, altura) values (3, 'Esquerdo', 'Medio');
insert into prateleira (nro, lado, altura) values (3, 'Esquerdo', 'Superior');
insert into prateleira (nro, lado, altura) values (3, 'Direito', 'Chao');
insert into prateleira (nro, lado, altura) values (3, 'Direito', 'Medio');
insert into prateleira (nro, lado, altura) values (3, 'Direito', 'Superior');
insert into prateleira (nro, lado, altura) values (4, 'Esquerdo', 'Chao');
insert into prateleira (nro, lado, altura) values (4, 'Esquerdo', 'Medio');
insert into prateleira (nro, lado, altura) values (4, 'Esquerdo', 'Superior');
insert into prateleira (nro, lado, altura) values (4, 'Direito', 'Chao');
insert into prateleira (nro, lado, altura) values (4, 'Direito', 'Medio');
insert into prateleira (nro, lado, altura) values (4, 'Direito', 'Superior');
insert into prateleira (nro, lado, altura) values (5, 'Esquerdo', 'Chao');
insert into prateleira (nro, lado, altura) values (5, 'Esquerdo', 'Medio');
insert into prateleira (nro, lado, altura) values (5, 'Esquerdo', 'Superior');
insert into prateleira (nro, lado, altura) values (5, 'Direito', 'Chao');
insert into prateleira (nro, lado, altura) values (5, 'Direito', 'Medio');
insert into prateleira (nro, lado, altura) values (5, 'Direito', 'Superior');
insert into prateleira (nro, lado, altura) values (6, 'Esquerdo', 'Chao');
insert into prateleira (nro, lado, altura) values (6, 'Esquerdo', 'Medio');
insert into prateleira (nro, lado, altura) values (6, 'Esquerdo', 'Superior');
insert into prateleira (nro, lado, altura) values (6, 'Direito', 'Chao');
insert into prateleira (nro, lado, altura) values (6, 'Direito', 'Medio');
insert into prateleira (nro, lado, altura) values (6, 'Direito', 'Superior');
insert into prateleira (nro, lado, altura) values (7, 'Esquerdo', 'Chao');
insert into prateleira (nro, lado, altura) values (7, 'Esquerdo', 'Medio');
insert into prateleira (nro, lado, altura) values (7, 'Esquerdo', 'Superior');
insert into prateleira (nro, lado, altura) values (7, 'Direito', 'Chao');
insert into prateleira (nro, lado, altura) values (7, 'Direito', 'Medio');
insert into prateleira (nro, lado, altura) values (7, 'Direito', 'Superior');
insert into prateleira (nro, lado, altura) values (8, 'Esquerdo', 'Chao');
insert into prateleira (nro, lado, altura) values (8, 'Esquerdo', 'Medio');
insert into prateleira (nro, lado, altura) values (8, 'Esquerdo', 'Superior');
insert into prateleira (nro, lado, altura) values (8, 'Direito', 'Chao');
insert into prateleira (nro, lado, altura) values (8, 'Direito', 'Medio');
insert into prateleira (nro, lado, altura) values (8, 'Direito', 'Superior');
insert into prateleira (nro, lado, altura) values (9, 'Esquerdo', 'Chao');
insert into prateleira (nro, lado, altura) values (9, 'Esquerdo', 'Medio');
insert into prateleira (nro, lado, altura) values (9, 'Esquerdo', 'Superior');
insert into prateleira (nro, lado, altura) values (9, 'Direito', 'Chao');
insert into prateleira (nro, lado, altura) values (9, 'Direito', 'Medio');
insert into prateleira (nro, lado, altura) values (9, 'Direito', 'Superior');
insert into prateleira (nro, lado, altura) values (10, 'Esquerdo', 'Chao');
insert into prateleira (nro, lado, altura) values (10, 'Esquerdo', 'Medio');
insert into prateleira (nro, lado, altura) values (10, 'Esquerdo', 'Superior');
insert into prateleira (nro, lado, altura) values (10, 'Direito', 'Chao');
insert into prateleira (nro, lado, altura) values (10, 'Direito', 'Medio');
insert into prateleira (nro, lado, altura) values (10, 'Direito', 'Superior');
insert into prateleira (nro, lado, altura) values (11, 'Esquerdo', 'Chao');
insert into prateleira (nro, lado, altura) values (11, 'Esquerdo', 'Medio');
insert into prateleira (nro, lado, altura) values (11, 'Esquerdo', 'Superior');
insert into prateleira (nro, lado, altura) values (11, 'Direito', 'Chao');
insert into prateleira (nro, lado, altura) values (11, 'Direito', 'Medio');
insert into prateleira (nro, lado, altura) values (11, 'Direito', 'Superior');
insert into prateleira (nro, lado, altura) values (12, 'Esquerdo', 'Chao');
insert into prateleira (nro, lado, altura) values (12, 'Esquerdo', 'Medio');
insert into prateleira (nro, lado, altura) values (12, 'Esquerdo', 'Superior');
insert into prateleira (nro, lado, altura) values (12, 'Direito', 'Chao');
insert into prateleira (nro, lado, altura) values (12, 'Direito', 'Medio');
insert into prateleira (nro, lado, altura) values (12, 'Direito', 'Superior');
insert into prateleira (nro, lado, altura) values (13, 'Esquerdo', 'Chao');
insert into prateleira (nro, lado, altura) values (13, 'Esquerdo', 'Medio');
insert into prateleira (nro, lado, altura) values (13, 'Esquerdo', 'Superior');
insert into prateleira (nro, lado, altura) values (13, 'Direito', 'Chao');
insert into prateleira (nro, lado, altura) values (13, 'Direito', 'Medio');
insert into prateleira (nro, lado, altura) values (13, 'Direito', 'Superior');
insert into prateleira (nro, lado, altura) values (14, 'Esquerdo', 'Chao');
insert into prateleira (nro, lado, altura) values (14, 'Esquerdo', 'Medio');
insert into prateleira (nro, lado, altura) values (14, 'Esquerdo', 'Superior');
insert into prateleira (nro, lado, altura) values (14, 'Direito', 'Chao');
insert into prateleira (nro, lado, altura) values (14, 'Direito', 'Medio');
insert into prateleira (nro, lado, altura) values (14, 'Direito', 'Superior');
insert into prateleira (nro, lado, altura) values (15, 'Esquerdo', 'Chao');
insert into prateleira (nro, lado, altura) values (15, 'Esquerdo', 'Medio');
insert into prateleira (nro, lado, altura) values (15, 'Esquerdo', 'Superior');
insert into prateleira (nro, lado, altura) values (15, 'Direito', 'Chao');
insert into prateleira (nro, lado, altura) values (15, 'Direito', 'Medio');
insert into prateleira (nro, lado, altura) values (15, 'Direito', 'Superior');
insert into prateleira (nro, lado, altura) values (16, 'Esquerdo', 'Chao');
insert into prateleira (nro, lado, altura) values (16, 'Esquerdo', 'Medio');
insert into prateleira (nro, lado, altura) values (16, 'Esquerdo', 'Superior');
insert into prateleira (nro, lado, altura) values (16, 'Direito', 'Chao');
insert into prateleira (nro, lado, altura) values (16, 'Direito', 'Medio');
insert into prateleira (nro, lado, altura) values (16, 'Direito', 'Superior');
insert into prateleira (nro, lado, altura) values (17, 'Esquerdo', 'Chao');
insert into prateleira (nro, lado, altura) values (17, 'Esquerdo', 'Medio');
insert into prateleira (nro, lado, altura) values (17, 'Esquerdo', 'Superior');
insert into prateleira (nro, lado, altura) values (17, 'Direito', 'Chao');
insert into prateleira (nro, lado, altura) values (17, 'Direito', 'Medio');
insert into prateleira (nro, lado, altura) values (17, 'Direito', 'Superior');
insert into prateleira (nro, lado, altura) values (18, 'Esquerdo', 'Chao');
insert into prateleira (nro, lado, altura) values (18, 'Esquerdo', 'Medio');
insert into prateleira (nro, lado, altura) values (18, 'Esquerdo', 'Superior');
insert into prateleira (nro, lado, altura) values (18, 'Direito', 'Chao');
insert into prateleira (nro, lado, altura) values (18, 'Direito', 'Medio');
insert into prateleira (nro, lado, altura) values (18, 'Direito', 'Superior');
insert into prateleira (nro, lado, altura) values (19, 'Esquerdo', 'Chao');
insert into prateleira (nro, lado, altura) values (19, 'Esquerdo', 'Medio');
insert into prateleira (nro, lado, altura) values (19, 'Esquerdo', 'Superior');
insert into prateleira (nro, lado, altura) values (19, 'Direito', 'Chao');
insert into prateleira (nro, lado, altura) values (19, 'Direito', 'Medio');
insert into prateleira (nro, lado, altura) values (19, 'Direito', 'Superior');
insert into prateleira (nro, lado, altura) values (20, 'Esquerdo', 'Chao');
insert into prateleira (nro, lado, altura) values (20, 'Esquerdo', 'Medio');
insert into prateleira (nro, lado, altura) values (20, 'Esquerdo', 'Superior');
insert into prateleira (nro, lado, altura) values (20, 'Direito', 'Chao');
insert into prateleira (nro, lado, altura) values (20, 'Direito', 'Medio');
insert into prateleira (nro, lado, altura) values (20, 'Direito', 'Superior');
insert into prateleira (nro, lado, altura) values (21, 'Esquerdo', 'Chao');
insert into prateleira (nro, lado, altura) values (21, 'Esquerdo', 'Medio');
insert into prateleira (nro, lado, altura) values (21, 'Esquerdo', 'Superior');
insert into prateleira (nro, lado, altura) values (21, 'Direito', 'Chao');
insert into prateleira (nro, lado, altura) values (21, 'Direito', 'Medio');
insert into prateleira (nro, lado, altura) values (21, 'Direito', 'Superior');
insert into prateleira (nro, lado, altura) values (22, 'Esquerdo', 'Chao');
insert into prateleira (nro, lado, altura) values (22, 'Esquerdo', 'Medio');
insert into prateleira (nro, lado, altura) values (22, 'Esquerdo', 'Superior');
insert into prateleira (nro, lado, altura) values (22, 'Direito', 'Chao');
insert into prateleira (nro, lado, altura) values (22, 'Direito', 'Medio');
insert into prateleira (nro, lado, altura) values (22, 'Direito', 'Superior');
insert into prateleira (nro, lado, altura) values (23, 'Esquerdo', 'Chao');
insert into prateleira (nro, lado, altura) values (23, 'Esquerdo', 'Medio');
insert into prateleira (nro, lado, altura) values (23, 'Esquerdo', 'Superior');
insert into prateleira (nro, lado, altura) values (23, 'Direito', 'Chao');
insert into prateleira (nro, lado, altura) values (23, 'Direito', 'Medio');
insert into prateleira (nro, lado, altura) values (23, 'Direito', 'Superior');
insert into prateleira (nro, lado, altura) values (24, 'Esquerdo', 'Chao');
insert into prateleira (nro, lado, altura) values (24, 'Esquerdo', 'Medio');
insert into prateleira (nro, lado, altura) values (24, 'Esquerdo', 'Superior');
insert into prateleira (nro, lado, altura) values (24, 'Direito', 'Chao');
insert into prateleira (nro, lado, altura) values (24, 'Direito', 'Medio');
insert into prateleira (nro, lado, altura) values (24, 'Direito', 'Superior');
insert into prateleira (nro, lado, altura) values (25, 'Esquerdo', 'Chao');
insert into prateleira (nro, lado, altura) values (25, 'Esquerdo', 'Medio');
insert into prateleira (nro, lado, altura) values (25, 'Esquerdo', 'Superior');
insert into prateleira (nro, lado, altura) values (25, 'Direito', 'Chao');
insert into prateleira (nro, lado, altura) values (25, 'Direito', 'Medio');
insert into prateleira (nro, lado, altura) values (25, 'Direito', 'Superior');
insert into prateleira (nro, lado, altura) values (26, 'Esquerdo', 'Chao');
insert into prateleira (nro, lado, altura) values (26, 'Esquerdo', 'Medio');
insert into prateleira (nro, lado, altura) values (26, 'Esquerdo', 'Superior');
insert into prateleira (nro, lado, altura) values (26, 'Direito', 'Chao');
insert into prateleira (nro, lado, altura) values (26, 'Direito', 'Medio');
insert into prateleira (nro, lado, altura) values (26, 'Direito', 'Superior');
insert into prateleira (nro, lado, altura) values (27, 'Esquerdo', 'Chao');
insert into prateleira (nro, lado, altura) values (27, 'Esquerdo', 'Medio');
insert into prateleira (nro, lado, altura) values (27, 'Esquerdo', 'Superior');
insert into prateleira (nro, lado, altura) values (27, 'Direito', 'Chao');
insert into prateleira (nro, lado, altura) values (27, 'Direito', 'Medio');
insert into prateleira (nro, lado, altura) values (27, 'Direito', 'Superior');
insert into prateleira (nro, lado, altura) values (28, 'Esquerdo', 'Chao');
insert into prateleira (nro, lado, altura) values (28, 'Esquerdo', 'Medio');
insert into prateleira (nro, lado, altura) values (28, 'Esquerdo', 'Superior');
insert into prateleira (nro, lado, altura) values (28, 'Direito', 'Chao');
insert into prateleira (nro, lado, altura) values (28, 'Direito', 'Medio');
insert into prateleira (nro, lado, altura) values (28, 'Direito', 'Superior');
insert into prateleira (nro, lado, altura) values (29, 'Esquerdo', 'Chao');
insert into prateleira (nro, lado, altura) values (29, 'Esquerdo', 'Medio');
insert into prateleira (nro, lado, altura) values (29, 'Esquerdo', 'Superior');
insert into prateleira (nro, lado, altura) values (29, 'Direito', 'Chao');
insert into prateleira (nro, lado, altura) values (29, 'Direito', 'Medio');
insert into prateleira (nro, lado, altura) values (29, 'Direito', 'Superior');
insert into prateleira (nro, lado, altura) values (30, 'Esquerdo', 'Chao');
insert into prateleira (nro, lado, altura) values (30, 'Esquerdo', 'Medio');
insert into prateleira (nro, lado, altura) values (30, 'Esquerdo', 'Superior');
insert into prateleira (nro, lado, altura) values (30, 'Direito', 'Chao');
insert into prateleira (nro, lado, altura) values (30, 'Direito', 'Medio');
insert into prateleira (nro, lado, altura) values (30, 'Direito', 'Superior');
insert into planograma (ean, nro, lado, altura, faces, unidades, loc) values (1000000000001, 1, 'Esquerdo', 'Chao', 1, 10, 1);
insert into planograma (ean, nro, lado, altura, faces, unidades, loc) values (1000000000002, 2, 'Direito', 'Medio', 1, 10, 2);
insert into planograma (ean, nro, lado, altura, faces, unidades, loc) values (1000000000003, 3, 'Esquerdo', 'Superior', 1, 10, 3);
insert into planograma (ean, nro, lado, altura, faces, unidades, loc) values (1000000000004, 4, 'Direito', 'Chao', 1, 10, 4);
insert into planograma (ean, nro, lado, altura, faces, unidades, loc) values (1000000000005, 5, 'Esquerdo', 'Medio', 1, 10, 5);
insert into planograma (ean, nro, lado, altura, faces, unidades, loc) values (1000000000006, 6, 'Direito', 'Superior', 1, 10, 6);
insert into planograma (ean, nro, lado, altura, faces, unidades, loc) values (1000000000007, 7, 'Esquerdo', 'Chao', 1, 10, 7);
insert into planograma (ean, nro, lado, altura, faces, unidades, loc) values (1000000000008, 8, 'Direito', 'Medio', 1, 10, 8);
insert into planograma (ean, nro, lado, altura, faces, unidades, loc) values (1000000000009, 9, 'Esquerdo', 'Superior', 1, 10, 9);
insert into planograma (ean, nro, lado, altura, faces, unidades, loc) values (1000000000010, 10, 'Direito', 'Chao', 1, 10, 10);
insert into planograma (ean, nro, lado, altura, faces, unidades, loc) values (1000000000011, 11, 'Esquerdo', 'Chao', 1, 10, 11);
insert into planograma (ean, nro, lado, altura, faces, unidades, loc) values (1000000000011, 11, 'Esquerdo', 'Medio', 1, 10, 11);
insert into planograma (ean, nro, lado, altura, faces, unidades, loc) values (1000000000011, 11, 'Esquerdo', 'Superior', 1, 10, 11);
insert into planograma (ean, nro, lado, altura, faces, unidades, loc) values (1000000000011, 11, 'Direito', 'Chao', 1, 10, 11);
insert into planograma (ean, nro, lado, altura, faces, unidades, loc) values (1000000000011, 11, 'Direito', 'Medio', 1, 10, 11);
insert into planograma (ean, nro, lado, altura, faces, unidades, loc) values (1000000000011, 11, 'Direito', 'Superior', 1, 10, 11);
insert into planograma (ean, nro, lado, altura, faces, unidades, loc) values (1000000000012, 12, 'Esquerdo', 'Chao', 1, 10, 12);
insert into planograma (ean, nro, lado, altura, faces, unidades, loc) values (1000000000012, 12, 'Esquerdo', 'Medio', 1, 10, 12);
insert into planograma (ean, nro, lado, altura, faces, unidades, loc) values (1000000000012, 12, 'Esquerdo', 'Superior', 1, 10, 12);
insert into planograma (ean, nro, lado, altura, faces, unidades, loc) values (1000000000012, 12, 'Direito', 'Chao', 1, 10, 12);
insert into planograma (ean, nro, lado, altura, faces, unidades, loc) values (1000000000012, 12, 'Direito', 'Medio', 1, 10, 12);
insert into planograma (ean, nro, lado, altura, faces, unidades, loc) values (1000000000012, 12, 'Direito', 'Superior', 1, 10, 12);
insert into planograma (ean, nro, lado, altura, faces, unidades, loc) values (1000000000013, 13, 'Esquerdo', 'Chao', 1, 10, 13);
insert into planograma (ean, nro, lado, altura, faces, unidades, loc) values (1000000000013, 13, 'Esquerdo', 'Medio', 1, 10, 13);
insert into planograma (ean, nro, lado, altura, faces, unidades, loc) values (1000000000013, 13, 'Esquerdo', 'Superior', 1, 10, 13);
insert into planograma (ean, nro, lado, altura, faces, unidades, loc) values (1000000000013, 13, 'Direito', 'Chao', 1, 10, 13);
insert into planograma (ean, nro, lado, altura, faces, unidades, loc) values (1000000000013, 13, 'Direito', 'Medio', 1, 10, 13);
insert into planograma (ean, nro, lado, altura, faces, unidades, loc) values (1000000000013, 13, 'Direito', 'Superior', 1, 10, 13);
insert into planograma (ean, nro, lado, altura, faces, unidades, loc) values (1000000000014, 14, 'Esquerdo', 'Chao', 1, 10, 14);
insert into planograma (ean, nro, lado, altura, faces, unidades, loc) values (1000000000014, 14, 'Esquerdo', 'Medio', 1, 10, 14);
insert into planograma (ean, nro, lado, altura, faces, unidades, loc) values (1000000000014, 14, 'Esquerdo', 'Superior', 1, 10, 14);
insert into planograma (ean, nro, lado, altura, faces, unidades, loc) values (1000000000014, 14, 'Direito', 'Chao', 1, 10, 14);
insert into planograma (ean, nro, lado, altura, faces, unidades, loc) values (1000000000014, 14, 'Direito', 'Medio', 1, 10, 14);
insert into planograma (ean, nro, lado, altura, faces, unidades, loc) values (1000000000014, 14, 'Direito', 'Superior', 1, 10, 14);
insert into planograma (ean, nro, lado, altura, faces, unidades, loc) values (1000000000015, 15, 'Esquerdo', 'Chao', 1, 10, 15);
insert into planograma (ean, nro, lado, altura, faces, unidades, loc) values (1000000000015, 15, 'Esquerdo', 'Medio', 1, 10, 15);
insert into planograma (ean, nro, lado, altura, faces, unidades, loc) values (1000000000015, 15, 'Esquerdo', 'Superior', 1, 10, 15);
insert into planograma (ean, nro, lado, altura, faces, unidades, loc) values (1000000000015, 15, 'Direito', 'Chao', 1, 10, 15);
insert into planograma (ean, nro, lado, altura, faces, unidades, loc) values (1000000000015, 15, 'Direito', 'Medio', 1, 10, 15);
insert into planograma (ean, nro, lado, altura, faces, unidades, loc) values (1000000000015, 15, 'Direito', 'Superior', 1, 10, 15);
insert into planograma (ean, nro, lado, altura, faces, unidades, loc) values (1000000000016, 16, 'Esquerdo', 'Chao', 1, 10, 16);
insert into planograma (ean, nro, lado, altura, faces, unidades, loc) values (1000000000016, 16, 'Esquerdo', 'Medio', 1, 10, 16);
insert into planograma (ean, nro, lado, altura, faces, unidades, loc) values (1000000000016, 16, 'Esquerdo', 'Superior', 1, 10, 16);
insert into planograma (ean, nro, lado, altura, faces, unidades, loc) values (1000000000016, 16, 'Direito', 'Chao', 1, 10, 16);
insert into planograma (ean, nro, lado, altura, faces, unidades, loc) values (1000000000016, 16, 'Direito', 'Medio', 1, 10, 16);
insert into planograma (ean, nro, lado, altura, faces, unidades, loc) values (1000000000016, 16, 'Direito', 'Superior', 1, 10, 16);
insert into planograma (ean, nro, lado, altura, faces, unidades, loc) values (1000000000017, 17, 'Esquerdo', 'Chao', 1, 10, 17);
insert into planograma (ean, nro, lado, altura, faces, unidades, loc) values (1000000000017, 17, 'Esquerdo', 'Medio', 1, 10, 17);
insert into planograma (ean, nro, lado, altura, faces, unidades, loc) values (1000000000017, 17, 'Esquerdo', 'Superior', 1, 10, 17);
insert into planograma (ean, nro, lado, altura, faces, unidades, loc) values (1000000000017, 17, 'Direito', 'Chao', 1, 10, 17);
insert into planograma (ean, nro, lado, altura, faces, unidades, loc) values (1000000000017, 17, 'Direito', 'Medio', 1, 10, 17);
insert into planograma (ean, nro, lado, altura, faces, unidades, loc) values (1000000000017, 17, 'Direito', 'Superior', 1, 10, 17);
insert into planograma (ean, nro, lado, altura, faces, unidades, loc) values (1000000000018, 18, 'Esquerdo', 'Chao', 1, 10, 18);
insert into planograma (ean, nro, lado, altura, faces, unidades, loc) values (1000000000018, 18, 'Esquerdo', 'Medio', 1, 10, 18);
insert into planograma (ean, nro, lado, altura, faces, unidades, loc) values (1000000000018, 18, 'Esquerdo', 'Superior', 1, 10, 18);
insert into planograma (ean, nro, lado, altura, faces, unidades, loc) values (1000000000018, 18, 'Direito', 'Chao', 1, 10, 18);
insert into planograma (ean, nro, lado, altura, faces, unidades, loc) values (1000000000018, 18, 'Direito', 'Medio', 1, 10, 18);
insert into planograma (ean, nro, lado, altura, faces, unidades, loc) values (1000000000018, 18, 'Direito', 'Superior', 1, 10, 18);
insert into planograma (ean, nro, lado, altura, faces, unidades, loc) values (1000000000019, 19, 'Esquerdo', 'Chao', 1, 10, 19);
insert into planograma (ean, nro, lado, altura, faces, unidades, loc) values (1000000000019, 19, 'Esquerdo', 'Medio', 1, 10, 19);
insert into planograma (ean, nro, lado, altura, faces, unidades, loc) values (1000000000019, 19, 'Esquerdo', 'Superior', 1, 10, 19);
insert into planograma (ean, nro, lado, altura, faces, unidades, loc) values (1000000000019, 19, 'Direito', 'Chao', 1, 10, 19);
insert into planograma (ean, nro, lado, altura, faces, unidades, loc) values (1000000000019, 19, 'Direito', 'Medio', 1, 10, 19);
insert into planograma (ean, nro, lado, altura, faces, unidades, loc) values (1000000000019, 19, 'Direito', 'Superior', 1, 10, 19);
insert into planograma (ean, nro, lado, altura, faces, unidades, loc) values (1000000000020, 20, 'Esquerdo', 'Chao', 1, 10, 20);
insert into planograma (ean, nro, lado, altura, faces, unidades, loc) values (1000000000020, 20, 'Esquerdo', 'Medio', 1, 10, 20);
insert into planograma (ean, nro, lado, altura, faces, unidades, loc) values (1000000000020, 20, 'Esquerdo', 'Superior', 1, 10, 20);
insert into planograma (ean, nro, lado, altura, faces, unidades, loc) values (1000000000020, 20, 'Direito', 'Chao', 1, 10, 20);
insert into planograma (ean, nro, lado, altura, faces, unidades, loc) values (1000000000020, 20, 'Direito', 'Medio', 1, 10, 20);
insert into planograma (ean, nro, lado, altura, faces, unidades, loc) values (1000000000020, 20, 'Direito', 'Superior', 1, 10, 20);
insert into planograma (ean, nro, lado, altura, faces, unidades, loc) values (1000000000021, 21, 'Esquerdo', 'Chao', 1, 10, 21);
insert into planograma (ean, nro, lado, altura, faces, unidades, loc) values (1000000000021, 21, 'Esquerdo', 'Medio', 1, 10, 21);
insert into planograma (ean, nro, lado, altura, faces, unidades, loc) values (1000000000021, 21, 'Esquerdo', 'Superior', 1, 10, 21);
insert into planograma (ean, nro, lado, altura, faces, unidades, loc) values (1000000000021, 21, 'Direito', 'Chao', 1, 10, 21);
insert into planograma (ean, nro, lado, altura, faces, unidades, loc) values (1000000000021, 21, 'Direito', 'Medio', 1, 10, 21);
insert into planograma (ean, nro, lado, altura, faces, unidades, loc) values (1000000000021, 21, 'Direito', 'Superior', 1, 10, 21);
insert into planograma (ean, nro, lado, altura, faces, unidades, loc) values (1000000000022, 22, 'Esquerdo', 'Chao', 1, 10, 22);
insert into planograma (ean, nro, lado, altura, faces, unidades, loc) values (1000000000022, 22, 'Esquerdo', 'Medio', 1, 10, 22);
insert into planograma (ean, nro, lado, altura, faces, unidades, loc) values (1000000000022, 22, 'Esquerdo', 'Superior', 1, 10, 22);
insert into planograma (ean, nro, lado, altura, faces, unidades, loc) values (1000000000022, 22, 'Direito', 'Chao', 1, 10, 22);
insert into planograma (ean, nro, lado, altura, faces, unidades, loc) values (1000000000022, 22, 'Direito', 'Medio', 1, 10, 22);
insert into planograma (ean, nro, lado, altura, faces, unidades, loc) values (1000000000022, 22, 'Direito', 'Superior', 1, 10, 22);
insert into planograma (ean, nro, lado, altura, faces, unidades, loc) values (1000000000023, 23, 'Esquerdo', 'Chao', 1, 10, 23);
insert into planograma (ean, nro, lado, altura, faces, unidades, loc) values (1000000000023, 23, 'Esquerdo', 'Medio', 1, 10, 23);
insert into planograma (ean, nro, lado, altura, faces, unidades, loc) values (1000000000023, 23, 'Esquerdo', 'Superior', 1, 10, 23);
insert into planograma (ean, nro, lado, altura, faces, unidades, loc) values (1000000000023, 23, 'Direito', 'Chao', 1, 10, 23);
insert into planograma (ean, nro, lado, altura, faces, unidades, loc) values (1000000000023, 23, 'Direito', 'Medio', 1, 10, 23);
insert into planograma (ean, nro, lado, altura, faces, unidades, loc) values (1000000000023, 23, 'Direito', 'Superior', 1, 10, 23);
insert into planograma (ean, nro, lado, altura, faces, unidades, loc) values (1000000000024, 24, 'Esquerdo', 'Chao', 1, 10, 24);
insert into planograma (ean, nro, lado, altura, faces, unidades, loc) values (1000000000024, 24, 'Esquerdo', 'Medio', 1, 10, 24);
insert into planograma (ean, nro, lado, altura, faces, unidades, loc) values (1000000000024, 24, 'Esquerdo', 'Superior', 1, 10, 24);
insert into planograma (ean, nro, lado, altura, faces, unidades, loc) values (1000000000024, 24, 'Direito', 'Chao', 1, 10, 24);
insert into planograma (ean, nro, lado, altura, faces, unidades, loc) values (1000000000024, 24, 'Direito', 'Medio', 1, 10, 24);
insert into planograma (ean, nro, lado, altura, faces, unidades, loc) values (1000000000024, 24, 'Direito', 'Superior', 1, 10, 24);
insert into planograma (ean, nro, lado, altura, faces, unidades, loc) values (1000000000025, 25, 'Esquerdo', 'Chao', 1, 10, 25);
insert into planograma (ean, nro, lado, altura, faces, unidades, loc) values (1000000000025, 25, 'Esquerdo', 'Medio', 1, 10, 25);
insert into planograma (ean, nro, lado, altura, faces, unidades, loc) values (1000000000025, 25, 'Esquerdo', 'Superior', 1, 10, 25);
insert into planograma (ean, nro, lado, altura, faces, unidades, loc) values (1000000000025, 25, 'Direito', 'Chao', 1, 10, 25);
insert into planograma (ean, nro, lado, altura, faces, unidades, loc) values (1000000000025, 25, 'Direito', 'Medio', 1, 10, 25);
insert into planograma (ean, nro, lado, altura, faces, unidades, loc) values (1000000000025, 25, 'Direito', 'Superior', 1, 10, 25);
insert into planograma (ean, nro, lado, altura, faces, unidades, loc) values (1000000000026, 26, 'Esquerdo', 'Chao', 1, 10, 26);
insert into planograma (ean, nro, lado, altura, faces, unidades, loc) values (1000000000026, 26, 'Esquerdo', 'Medio', 1, 10, 26);
insert into planograma (ean, nro, lado, altura, faces, unidades, loc) values (1000000000026, 26, 'Esquerdo', 'Superior', 1, 10, 26);
insert into planograma (ean, nro, lado, altura, faces, unidades, loc) values (1000000000026, 26, 'Direito', 'Chao', 1, 10, 26);
insert into planograma (ean, nro, lado, altura, faces, unidades, loc) values (1000000000026, 26, 'Direito', 'Medio', 1, 10, 26);
insert into planograma (ean, nro, lado, altura, faces, unidades, loc) values (1000000000026, 26, 'Direito', 'Superior', 1, 10, 26);
insert into planograma (ean, nro, lado, altura, faces, unidades, loc) values (1000000000027, 27, 'Esquerdo', 'Chao', 1, 10, 27);
insert into planograma (ean, nro, lado, altura, faces, unidades, loc) values (1000000000027, 27, 'Esquerdo', 'Medio', 1, 10, 27);
insert into planograma (ean, nro, lado, altura, faces, unidades, loc) values (1000000000027, 27, 'Esquerdo', 'Superior', 1, 10, 27);
insert into planograma (ean, nro, lado, altura, faces, unidades, loc) values (1000000000027, 27, 'Direito', 'Chao', 1, 10, 27);
insert into planograma (ean, nro, lado, altura, faces, unidades, loc) values (1000000000027, 27, 'Direito', 'Medio', 1, 10, 27);
insert into planograma (ean, nro, lado, altura, faces, unidades, loc) values (1000000000027, 27, 'Direito', 'Superior', 1, 10, 27);
insert into planograma (ean, nro, lado, altura, faces, unidades, loc) values (1000000000028, 28, 'Esquerdo', 'Chao', 1, 10, 28);
insert into planograma (ean, nro, lado, altura, faces, unidades, loc) values (1000000000028, 28, 'Esquerdo', 'Medio', 1, 10, 28);
insert into planograma (ean, nro, lado, altura, faces, unidades, loc) values (1000000000028, 28, 'Esquerdo', 'Superior', 1, 10, 28);
insert into planograma (ean, nro, lado, altura, faces, unidades, loc) values (1000000000028, 28, 'Direito', 'Chao', 1, 10, 28);
insert into planograma (ean, nro, lado, altura, faces, unidades, loc) values (1000000000028, 28, 'Direito', 'Medio', 1, 10, 28);
insert into planograma (ean, nro, lado, altura, faces, unidades, loc) values (1000000000028, 28, 'Direito', 'Superior', 1, 10, 28);
insert into planograma (ean, nro, lado, altura, faces, unidades, loc) values (1000000000029, 29, 'Esquerdo', 'Chao', 1, 10, 29);
insert into planograma (ean, nro, lado, altura, faces, unidades, loc) values (1000000000029, 29, 'Esquerdo', 'Medio', 1, 10, 29);
insert into planograma (ean, nro, lado, altura, faces, unidades, loc) values (1000000000029, 29, 'Esquerdo', 'Superior', 1, 10, 29);
insert into planograma (ean, nro, lado, altura, faces, unidades, loc) values (1000000000029, 29, 'Direito', 'Chao', 1, 10, 29);
insert into planograma (ean, nro, lado, altura, faces, unidades, loc) values (1000000000029, 29, 'Direito', 'Medio', 1, 10, 29);
insert into planograma (ean, nro, lado, altura, faces, unidades, loc) values (1000000000029, 29, 'Direito', 'Superior', 1, 10, 29);
insert into planograma (ean, nro, lado, altura, faces, unidades, loc) values (1000000000030, 29, 'Esquerdo', 'Chao', 1, 10, 30);
insert into planograma (ean, nro, lado, altura, faces, unidades, loc) values (1000000000030, 29, 'Esquerdo', 'Medio', 1, 10, 30);
insert into planograma (ean, nro, lado, altura, faces, unidades, loc) values (1000000000030, 29, 'Esquerdo', 'Superior', 1, 10, 30);
insert into planograma (ean, nro, lado, altura, faces, unidades, loc) values (1000000000030, 29, 'Direito', 'Chao', 1, 10, 30);
insert into planograma (ean, nro, lado, altura, faces, unidades, loc) values (1000000000030, 29, 'Direito', 'Medio', 1, 10, 30);
insert into planograma (ean, nro, lado, altura, faces, unidades, loc) values (1000000000030, 29, 'Direito', 'Superior', 1, 10, 30);
insert into planograma (ean, nro, lado, altura, faces, unidades, loc) values (1000000000029, 30, 'Esquerdo', 'Chao', 1, 10, 29);
insert into planograma (ean, nro, lado, altura, faces, unidades, loc) values (1000000000029, 30, 'Esquerdo', 'Medio', 1, 10, 29);
insert into planograma (ean, nro, lado, altura, faces, unidades, loc) values (1000000000029, 30, 'Esquerdo', 'Superior', 1, 10, 29);
insert into planograma (ean, nro, lado, altura, faces, unidades, loc) values (1000000000029, 30, 'Direito', 'Chao', 1, 10, 29);
insert into planograma (ean, nro, lado, altura, faces, unidades, loc) values (1000000000029, 30, 'Direito', 'Medio', 1, 10, 29);
insert into planograma (ean, nro, lado, altura, faces, unidades, loc) values (1000000000029, 30, 'Direito', 'Superior', 1, 10, 29);
insert into planograma (ean, nro, lado, altura, faces, unidades, loc) values (1000000000030, 30, 'Esquerdo', 'Chao', 1, 10, 30);
insert into planograma (ean, nro, lado, altura, faces, unidades, loc) values (1000000000030, 30, 'Esquerdo', 'Medio', 1, 10, 30);
insert into planograma (ean, nro, lado, altura, faces, unidades, loc) values (1000000000030, 30, 'Esquerdo', 'Superior', 1, 10, 30);
insert into planograma (ean, nro, lado, altura, faces, unidades, loc) values (1000000000030, 30, 'Direito', 'Chao', 1, 10, 30);
insert into planograma (ean, nro, lado, altura, faces, unidades, loc) values (1000000000030, 30, 'Direito', 'Medio', 1, 10, 30);
insert into planograma (ean, nro, lado, altura, faces, unidades, loc) values (1000000000030, 30, 'Direito', 'Superior', 1, 10, 30);
insert into evento_reposicao (operador, instante) values (200000101, date '2010-01-01');
insert into evento_reposicao (operador, instante) values (200000201, date '2010-02-01');
insert into evento_reposicao (operador, instante) values (200000301, date '2010-03-01');
insert into evento_reposicao (operador, instante) values (200000102, date '2010-01-01');
insert into evento_reposicao (operador, instante) values (200000202, date '2010-02-01');
insert into evento_reposicao (operador, instante) values (200000302, date '2010-03-01');
insert into evento_reposicao (operador, instante) values (200000103, date '2010-01-01');
insert into evento_reposicao (operador, instante) values (200000203, date '2010-02-01');
insert into evento_reposicao (operador, instante) values (200000303, date '2010-03-01');
insert into evento_reposicao (operador, instante) values (200000104, date '2010-01-01');
insert into evento_reposicao (operador, instante) values (200000204, date '2010-02-01');
insert into evento_reposicao (operador, instante) values (200000304, date '2010-03-01');
insert into evento_reposicao (operador, instante) values (200000105, date '2010-01-01');
insert into evento_reposicao (operador, instante) values (200000205, date '2010-02-01');
insert into evento_reposicao (operador, instante) values (200000305, date '2010-03-01');
insert into evento_reposicao (operador, instante) values (200000106, date '2010-01-01');
insert into evento_reposicao (operador, instante) values (200000206, date '2010-02-01');
insert into evento_reposicao (operador, instante) values (200000306, date '2010-03-01');
insert into evento_reposicao (operador, instante) values (200000107, date '2010-01-01');
insert into evento_reposicao (operador, instante) values (200000207, date '2010-02-01');
insert into evento_reposicao (operador, instante) values (200000307, date '2010-03-01');
insert into evento_reposicao (operador, instante) values (200000108, date '2010-01-01');
insert into evento_reposicao (operador, instante) values (200000208, date '2010-02-01');
insert into evento_reposicao (operador, instante) values (200000308, date '2010-03-01');
insert into evento_reposicao (operador, instante) values (200000109, date '2010-01-01');
insert into evento_reposicao (operador, instante) values (200000209, date '2010-02-01');
insert into evento_reposicao (operador, instante) values (200000309, date '2010-03-01');
insert into evento_reposicao (operador, instante) values (200000110, date '2010-01-01');
insert into evento_reposicao (operador, instante) values (200000210, date '2010-02-01');
insert into evento_reposicao (operador, instante) values (200000310, date '2010-03-01');
insert into evento_reposicao (operador, instante) values (200000011, date '2010-01-01');
insert into evento_reposicao (operador, instante) values (200000011, date '2010-02-01');
insert into evento_reposicao (operador, instante) values (200000011, date '2010-03-01');
insert into evento_reposicao (operador, instante) values (200000011, date '2010-04-01');
insert into evento_reposicao (operador, instante) values (200000011, date '2010-05-01');
insert into evento_reposicao (operador, instante) values (200000011, date '2010-06-01');
insert into evento_reposicao (operador, instante) values (200000012, date '2010-01-01');
insert into evento_reposicao (operador, instante) values (200000012, date '2010-02-01');
insert into evento_reposicao (operador, instante) values (200000012, date '2010-03-01');
insert into evento_reposicao (operador, instante) values (200000012, date '2010-04-01');
insert into evento_reposicao (operador, instante) values (200000012, date '2010-05-01');
insert into evento_reposicao (operador, instante) values (200000012, date '2010-06-01');
insert into evento_reposicao (operador, instante) values (200000013, date '2010-01-01');
insert into evento_reposicao (operador, instante) values (200000013, date '2010-02-01');
insert into evento_reposicao (operador, instante) values (200000013, date '2010-03-01');
insert into evento_reposicao (operador, instante) values (200000013, date '2010-04-01');
insert into evento_reposicao (operador, instante) values (200000013, date '2010-05-01');
insert into evento_reposicao (operador, instante) values (200000013, date '2010-06-01');
insert into evento_reposicao (operador, instante) values (200000014, date '2010-01-01');
insert into evento_reposicao (operador, instante) values (200000014, date '2010-02-01');
insert into evento_reposicao (operador, instante) values (200000014, date '2010-03-01');
insert into evento_reposicao (operador, instante) values (200000014, date '2010-04-01');
insert into evento_reposicao (operador, instante) values (200000014, date '2010-05-01');
insert into evento_reposicao (operador, instante) values (200000014, date '2010-06-01');
insert into evento_reposicao (operador, instante) values (200000015, date '2010-01-01');
insert into evento_reposicao (operador, instante) values (200000015, date '2010-02-01');
insert into evento_reposicao (operador, instante) values (200000015, date '2010-03-01');
insert into evento_reposicao (operador, instante) values (200000015, date '2010-04-01');
insert into evento_reposicao (operador, instante) values (200000015, date '2010-05-01');
insert into evento_reposicao (operador, instante) values (200000015, date '2010-06-01');
insert into evento_reposicao (operador, instante) values (200000016, date '2010-01-01');
insert into evento_reposicao (operador, instante) values (200000016, date '2010-02-01');
insert into evento_reposicao (operador, instante) values (200000016, date '2010-03-01');
insert into evento_reposicao (operador, instante) values (200000016, date '2010-04-01');
insert into evento_reposicao (operador, instante) values (200000016, date '2010-05-01');
insert into evento_reposicao (operador, instante) values (200000016, date '2010-06-01');
insert into evento_reposicao (operador, instante) values (200000017, date '2010-01-01');
insert into evento_reposicao (operador, instante) values (200000017, date '2010-02-01');
insert into evento_reposicao (operador, instante) values (200000017, date '2010-03-01');
insert into evento_reposicao (operador, instante) values (200000017, date '2010-04-01');
insert into evento_reposicao (operador, instante) values (200000017, date '2010-05-01');
insert into evento_reposicao (operador, instante) values (200000017, date '2010-06-01');
insert into evento_reposicao (operador, instante) values (200000018, date '2010-01-01');
insert into evento_reposicao (operador, instante) values (200000018, date '2010-02-01');
insert into evento_reposicao (operador, instante) values (200000018, date '2010-03-01');
insert into evento_reposicao (operador, instante) values (200000018, date '2010-04-01');
insert into evento_reposicao (operador, instante) values (200000018, date '2010-05-01');
insert into evento_reposicao (operador, instante) values (200000018, date '2010-06-01');
insert into evento_reposicao (operador, instante) values (200000019, date '2010-01-01');
insert into evento_reposicao (operador, instante) values (200000019, date '2010-02-01');
insert into evento_reposicao (operador, instante) values (200000019, date '2010-03-01');
insert into evento_reposicao (operador, instante) values (200000019, date '2010-04-01');
insert into evento_reposicao (operador, instante) values (200000019, date '2010-05-01');
insert into evento_reposicao (operador, instante) values (200000019, date '2010-06-01');
insert into evento_reposicao (operador, instante) values (200000020, date '2010-01-01');
insert into evento_reposicao (operador, instante) values (200000020, date '2010-02-01');
insert into evento_reposicao (operador, instante) values (200000020, date '2010-03-01');
insert into evento_reposicao (operador, instante) values (200000020, date '2010-04-01');
insert into evento_reposicao (operador, instante) values (200000020, date '2010-05-01');
insert into evento_reposicao (operador, instante) values (200000020, date '2010-06-01');
insert into evento_reposicao (operador, instante) values (200000021, date '2010-01-01');
insert into evento_reposicao (operador, instante) values (200000021, date '2010-02-01');
insert into evento_reposicao (operador, instante) values (200000021, date '2010-03-01');
insert into evento_reposicao (operador, instante) values (200000021, date '2010-04-01');
insert into evento_reposicao (operador, instante) values (200000021, date '2010-05-01');
insert into evento_reposicao (operador, instante) values (200000021, date '2010-06-01');
insert into evento_reposicao (operador, instante) values (200000022, date '2010-01-01');
insert into evento_reposicao (operador, instante) values (200000022, date '2010-02-01');
insert into evento_reposicao (operador, instante) values (200000022, date '2010-03-01');
insert into evento_reposicao (operador, instante) values (200000022, date '2010-04-01');
insert into evento_reposicao (operador, instante) values (200000022, date '2010-05-01');
insert into evento_reposicao (operador, instante) values (200000022, date '2010-06-01');
insert into evento_reposicao (operador, instante) values (200000023, date '2010-01-01');
insert into evento_reposicao (operador, instante) values (200000023, date '2010-02-01');
insert into evento_reposicao (operador, instante) values (200000023, date '2010-03-01');
insert into evento_reposicao (operador, instante) values (200000023, date '2010-04-01');
insert into evento_reposicao (operador, instante) values (200000023, date '2010-05-01');
insert into evento_reposicao (operador, instante) values (200000023, date '2010-06-01');
insert into evento_reposicao (operador, instante) values (200000024, date '2010-01-01');
insert into evento_reposicao (operador, instante) values (200000024, date '2010-02-01');
insert into evento_reposicao (operador, instante) values (200000024, date '2010-03-01');
insert into evento_reposicao (operador, instante) values (200000024, date '2010-04-01');
insert into evento_reposicao (operador, instante) values (200000024, date '2010-05-01');
insert into evento_reposicao (operador, instante) values (200000024, date '2010-06-01');
insert into evento_reposicao (operador, instante) values (200000025, date '2010-01-01');
insert into evento_reposicao (operador, instante) values (200000025, date '2010-02-01');
insert into evento_reposicao (operador, instante) values (200000025, date '2010-03-01');
insert into evento_reposicao (operador, instante) values (200000025, date '2010-04-01');
insert into evento_reposicao (operador, instante) values (200000025, date '2010-05-01');
insert into evento_reposicao (operador, instante) values (200000025, date '2010-06-01');
insert into evento_reposicao (operador, instante) values (200000026, date '2010-01-01');
insert into evento_reposicao (operador, instante) values (200000026, date '2010-02-01');
insert into evento_reposicao (operador, instante) values (200000026, date '2010-03-01');
insert into evento_reposicao (operador, instante) values (200000026, date '2010-04-01');
insert into evento_reposicao (operador, instante) values (200000026, date '2010-05-01');
insert into evento_reposicao (operador, instante) values (200000026, date '2010-06-01');
insert into evento_reposicao (operador, instante) values (200000027, date '2010-01-01');
insert into evento_reposicao (operador, instante) values (200000027, date '2010-02-01');
insert into evento_reposicao (operador, instante) values (200000027, date '2010-03-01');
insert into evento_reposicao (operador, instante) values (200000027, date '2010-04-01');
insert into evento_reposicao (operador, instante) values (200000027, date '2010-05-01');
insert into evento_reposicao (operador, instante) values (200000027, date '2010-06-01');
insert into evento_reposicao (operador, instante) values (200000028, date '2010-01-01');
insert into evento_reposicao (operador, instante) values (200000028, date '2010-02-01');
insert into evento_reposicao (operador, instante) values (200000028, date '2010-03-01');
insert into evento_reposicao (operador, instante) values (200000028, date '2010-04-01');
insert into evento_reposicao (operador, instante) values (200000028, date '2010-05-01');
insert into evento_reposicao (operador, instante) values (200000028, date '2010-06-01');
insert into reposicao (ean, nro, lado, altura, operador, instante, unidades) values (1000000000001, 1, 'Esquerdo', 'Chao', 200000101, date '2010-01-01', 5);
insert into reposicao (ean, nro, lado, altura, operador, instante, unidades) values (1000000000001, 1, 'Esquerdo', 'Chao', 200000201, date '2010-02-01', 5);
insert into reposicao (ean, nro, lado, altura, operador, instante, unidades) values (1000000000001, 1, 'Esquerdo', 'Chao', 200000301, date '2010-03-01', 5);
insert into reposicao (ean, nro, lado, altura, operador, instante, unidades) values (1000000000002, 2, 'Direito', 'Medio', 200000102, date '2010-01-01', 5);
insert into reposicao (ean, nro, lado, altura, operador, instante, unidades) values (1000000000002, 2, 'Direito', 'Medio', 200000202, date '2010-02-01', 5);
insert into reposicao (ean, nro, lado, altura, operador, instante, unidades) values (1000000000002, 2, 'Direito', 'Medio', 200000302, date '2010-03-01', 5);
insert into reposicao (ean, nro, lado, altura, operador, instante, unidades) values (1000000000003, 3, 'Esquerdo', 'Superior', 200000103, date '2010-01-01', 5);
insert into reposicao (ean, nro, lado, altura, operador, instante, unidades) values (1000000000003, 3, 'Esquerdo', 'Superior', 200000203, date '2010-02-01', 5);
insert into reposicao (ean, nro, lado, altura, operador, instante, unidades) values (1000000000003, 3, 'Esquerdo', 'Superior', 200000303, date '2010-03-01', 5);
insert into reposicao (ean, nro, lado, altura, operador, instante, unidades) values (1000000000004, 4, 'Direito', 'Chao', 200000104, date '2010-01-01', 5);
insert into reposicao (ean, nro, lado, altura, operador, instante, unidades) values (1000000000004, 4, 'Direito', 'Chao', 200000204, date '2010-02-01', 5);
insert into reposicao (ean, nro, lado, altura, operador, instante, unidades) values (1000000000004, 4, 'Direito', 'Chao', 200000304, date '2010-03-01', 5);
insert into reposicao (ean, nro, lado, altura, operador, instante, unidades) values (1000000000005, 5, 'Esquerdo', 'Medio', 200000105, date '2010-01-01', 5);
insert into reposicao (ean, nro, lado, altura, operador, instante, unidades) values (1000000000005, 5, 'Esquerdo', 'Medio', 200000205, date '2010-02-01', 5);
insert into reposicao (ean, nro, lado, altura, operador, instante, unidades) values (1000000000005, 5, 'Esquerdo', 'Medio', 200000305, date '2010-03-01', 5);
insert into reposicao (ean, nro, lado, altura, operador, instante, unidades) values (1000000000006, 6, 'Direito', 'Superior', 200000106, date '2010-01-01', 5);
insert into reposicao (ean, nro, lado, altura, operador, instante, unidades) values (1000000000006, 6, 'Direito', 'Superior', 200000206, date '2010-02-01', 5);
insert into reposicao (ean, nro, lado, altura, operador, instante, unidades) values (1000000000006, 6, 'Direito', 'Superior', 200000306, date '2010-03-01', 5);
insert into reposicao (ean, nro, lado, altura, operador, instante, unidades) values (1000000000007, 7, 'Esquerdo', 'Chao', 200000107, date '2010-01-01', 5);
insert into reposicao (ean, nro, lado, altura, operador, instante, unidades) values (1000000000007, 7, 'Esquerdo', 'Chao', 200000207, date '2010-02-01', 5);
insert into reposicao (ean, nro, lado, altura, operador, instante, unidades) values (1000000000007, 7, 'Esquerdo', 'Chao', 200000307, date '2010-03-01', 5);
insert into reposicao (ean, nro, lado, altura, operador, instante, unidades) values (1000000000008, 8, 'Direito', 'Medio', 200000108, date '2010-01-01', 5);
insert into reposicao (ean, nro, lado, altura, operador, instante, unidades) values (1000000000008, 8, 'Direito', 'Medio', 200000208, date '2010-02-01', 5);
insert into reposicao (ean, nro, lado, altura, operador, instante, unidades) values (1000000000008, 8, 'Direito', 'Medio', 200000308, date '2010-03-01', 5);
insert into reposicao (ean, nro, lado, altura, operador, instante, unidades) values (1000000000009, 9, 'Esquerdo', 'Superior', 200000109, date '2010-01-01', 5);
insert into reposicao (ean, nro, lado, altura, operador, instante, unidades) values (1000000000009, 9, 'Esquerdo', 'Superior', 200000209, date '2010-02-01', 5);
insert into reposicao (ean, nro, lado, altura, operador, instante, unidades) values (1000000000009, 9, 'Esquerdo', 'Superior', 200000309, date '2010-03-01', 5);
insert into reposicao (ean, nro, lado, altura, operador, instante, unidades) values (1000000000010, 10, 'Direito', 'Chao', 200000110, date '2010-01-01', 5);
insert into reposicao (ean, nro, lado, altura, operador, instante, unidades) values (1000000000010, 10, 'Direito', 'Chao', 200000210, date '2010-02-01', 5);
insert into reposicao (ean, nro, lado, altura, operador, instante, unidades) values (1000000000010, 10, 'Direito', 'Chao', 200000310, date '2010-03-01', 5);
insert into reposicao (ean, nro, lado, altura, operador, instante, unidades) values (1000000000011, 11, 'Esquerdo', 'Chao', 200000011, date '2010-01-01', 5);
insert into reposicao (ean, nro, lado, altura, operador, instante, unidades) values (1000000000011, 11, 'Esquerdo', 'Medio', 200000011, date '2010-02-01', 5);
insert into reposicao (ean, nro, lado, altura, operador, instante, unidades) values (1000000000011, 11, 'Esquerdo', 'Superior', 200000011, date '2010-03-01', 5);
insert into reposicao (ean, nro, lado, altura, operador, instante, unidades) values (1000000000011, 11, 'Direito', 'Chao', 200000011, date '2010-04-01', 5);
insert into reposicao (ean, nro, lado, altura, operador, instante, unidades) values (1000000000011, 11, 'Direito', 'Medio', 200000011, date '2010-05-01', 5);
insert into reposicao (ean, nro, lado, altura, operador, instante, unidades) values (1000000000011, 11, 'Direito', 'Superior', 200000011, date '2010-06-01', 5);
insert into reposicao (ean, nro, lado, altura, operador, instante, unidades) values (1000000000012, 12, 'Esquerdo', 'Chao', 200000012, date '2010-01-01', 5);
insert into reposicao (ean, nro, lado, altura, operador, instante, unidades) values (1000000000012, 12, 'Esquerdo', 'Medio', 200000012, date '2010-02-01', 5);
insert into reposicao (ean, nro, lado, altura, operador, instante, unidades) values (1000000000012, 12, 'Esquerdo', 'Superior', 200000012, date '2010-03-01', 5);
insert into reposicao (ean, nro, lado, altura, operador, instante, unidades) values (1000000000012, 12, 'Direito', 'Chao', 200000012, date '2010-04-01', 5);
insert into reposicao (ean, nro, lado, altura, operador, instante, unidades) values (1000000000012, 12, 'Direito', 'Medio', 200000012, date '2010-05-01', 5);
insert into reposicao (ean, nro, lado, altura, operador, instante, unidades) values (1000000000012, 12, 'Direito', 'Superior', 200000012, date '2010-06-01', 5);
insert into reposicao (ean, nro, lado, altura, operador, instante, unidades) values (1000000000013, 13, 'Esquerdo', 'Chao', 200000013, date '2010-01-01', 5);
insert into reposicao (ean, nro, lado, altura, operador, instante, unidades) values (1000000000013, 13, 'Esquerdo', 'Medio', 200000013, date '2010-02-01', 5);
insert into reposicao (ean, nro, lado, altura, operador, instante, unidades) values (1000000000013, 13, 'Esquerdo', 'Superior', 200000013, date '2010-03-01', 5);
insert into reposicao (ean, nro, lado, altura, operador, instante, unidades) values (1000000000013, 13, 'Direito', 'Chao', 200000013, date '2010-04-01', 5);
insert into reposicao (ean, nro, lado, altura, operador, instante, unidades) values (1000000000013, 13, 'Direito', 'Medio', 200000013, date '2010-05-01', 5);
insert into reposicao (ean, nro, lado, altura, operador, instante, unidades) values (1000000000013, 13, 'Direito', 'Superior', 200000013, date '2010-06-01', 5);
insert into reposicao (ean, nro, lado, altura, operador, instante, unidades) values (1000000000014, 14, 'Esquerdo', 'Chao', 200000014, date '2010-01-01', 5);
insert into reposicao (ean, nro, lado, altura, operador, instante, unidades) values (1000000000014, 14, 'Esquerdo', 'Medio', 200000014, date '2010-02-01', 5);
insert into reposicao (ean, nro, lado, altura, operador, instante, unidades) values (1000000000014, 14, 'Esquerdo', 'Superior', 200000014, date '2010-03-01', 5);
insert into reposicao (ean, nro, lado, altura, operador, instante, unidades) values (1000000000014, 14, 'Direito', 'Chao', 200000014, date '2010-04-01', 5);
insert into reposicao (ean, nro, lado, altura, operador, instante, unidades) values (1000000000014, 14, 'Direito', 'Medio', 200000014, date '2010-05-01', 5);
insert into reposicao (ean, nro, lado, altura, operador, instante, unidades) values (1000000000014, 14, 'Direito', 'Superior', 200000014, date '2010-06-01', 5);
insert into reposicao (ean, nro, lado, altura, operador, instante, unidades) values (1000000000015, 15, 'Esquerdo', 'Chao', 200000015, date '2010-01-01', 5);
insert into reposicao (ean, nro, lado, altura, operador, instante, unidades) values (1000000000015, 15, 'Esquerdo', 'Medio', 200000015, date '2010-02-01', 5);
insert into reposicao (ean, nro, lado, altura, operador, instante, unidades) values (1000000000015, 15, 'Esquerdo', 'Superior', 200000015, date '2010-03-01', 5);
insert into reposicao (ean, nro, lado, altura, operador, instante, unidades) values (1000000000015, 15, 'Direito', 'Chao', 200000015, date '2010-04-01', 5);
insert into reposicao (ean, nro, lado, altura, operador, instante, unidades) values (1000000000015, 15, 'Direito', 'Medio', 200000015, date '2010-05-01', 5);
insert into reposicao (ean, nro, lado, altura, operador, instante, unidades) values (1000000000015, 15, 'Direito', 'Superior', 200000015, date '2010-06-01', 5);
insert into reposicao (ean, nro, lado, altura, operador, instante, unidades) values (1000000000016, 16, 'Esquerdo', 'Chao', 200000016, date '2010-01-01', 5);
insert into reposicao (ean, nro, lado, altura, operador, instante, unidades) values (1000000000016, 16, 'Esquerdo', 'Medio', 200000016, date '2010-02-01', 5);
insert into reposicao (ean, nro, lado, altura, operador, instante, unidades) values (1000000000016, 16, 'Esquerdo', 'Superior', 200000016, date '2010-03-01', 5);
insert into reposicao (ean, nro, lado, altura, operador, instante, unidades) values (1000000000016, 16, 'Direito', 'Chao', 200000016, date '2010-04-01', 5);
insert into reposicao (ean, nro, lado, altura, operador, instante, unidades) values (1000000000016, 16, 'Direito', 'Medio', 200000016, date '2010-05-01', 5);
insert into reposicao (ean, nro, lado, altura, operador, instante, unidades) values (1000000000016, 16, 'Direito', 'Superior', 200000016, date '2010-06-01', 5);
insert into reposicao (ean, nro, lado, altura, operador, instante, unidades) values (1000000000017, 17, 'Esquerdo', 'Chao', 200000017, date '2010-01-01', 5);
insert into reposicao (ean, nro, lado, altura, operador, instante, unidades) values (1000000000017, 17, 'Esquerdo', 'Medio', 200000017, date '2010-02-01', 5);
insert into reposicao (ean, nro, lado, altura, operador, instante, unidades) values (1000000000017, 17, 'Esquerdo', 'Superior', 200000017, date '2010-03-01', 5);
insert into reposicao (ean, nro, lado, altura, operador, instante, unidades) values (1000000000017, 17, 'Direito', 'Chao', 200000017, date '2010-04-01', 5);
insert into reposicao (ean, nro, lado, altura, operador, instante, unidades) values (1000000000017, 17, 'Direito', 'Medio', 200000017, date '2010-05-01', 5);
insert into reposicao (ean, nro, lado, altura, operador, instante, unidades) values (1000000000017, 17, 'Direito', 'Superior', 200000017, date '2010-06-01', 5);
insert into reposicao (ean, nro, lado, altura, operador, instante, unidades) values (1000000000018, 18, 'Esquerdo', 'Chao', 200000018, date '2010-01-01', 5);
insert into reposicao (ean, nro, lado, altura, operador, instante, unidades) values (1000000000018, 18, 'Esquerdo', 'Medio', 200000018, date '2010-02-01', 5);
insert into reposicao (ean, nro, lado, altura, operador, instante, unidades) values (1000000000018, 18, 'Esquerdo', 'Superior', 200000018, date '2010-03-01', 5);
insert into reposicao (ean, nro, lado, altura, operador, instante, unidades) values (1000000000018, 18, 'Direito', 'Chao', 200000018, date '2010-04-01', 5);
insert into reposicao (ean, nro, lado, altura, operador, instante, unidades) values (1000000000018, 18, 'Direito', 'Medio', 200000018, date '2010-05-01', 5);
insert into reposicao (ean, nro, lado, altura, operador, instante, unidades) values (1000000000018, 18, 'Direito', 'Superior', 200000018, date '2010-06-01', 5);
insert into reposicao (ean, nro, lado, altura, operador, instante, unidades) values (1000000000019, 19, 'Esquerdo', 'Chao', 200000019, date '2010-01-01', 5);
insert into reposicao (ean, nro, lado, altura, operador, instante, unidades) values (1000000000019, 19, 'Esquerdo', 'Medio', 200000019, date '2010-02-01', 5);
insert into reposicao (ean, nro, lado, altura, operador, instante, unidades) values (1000000000019, 19, 'Esquerdo', 'Superior', 200000019, date '2010-03-01', 5);
insert into reposicao (ean, nro, lado, altura, operador, instante, unidades) values (1000000000019, 19, 'Direito', 'Chao', 200000019, date '2010-04-01', 5);
insert into reposicao (ean, nro, lado, altura, operador, instante, unidades) values (1000000000019, 19, 'Direito', 'Medio', 200000019, date '2010-05-01', 5);
insert into reposicao (ean, nro, lado, altura, operador, instante, unidades) values (1000000000019, 19, 'Direito', 'Superior', 200000019, date '2010-06-01', 5);
insert into reposicao (ean, nro, lado, altura, operador, instante, unidades) values (1000000000020, 20, 'Esquerdo', 'Chao', 200000020, date '2010-01-01', 5);
insert into reposicao (ean, nro, lado, altura, operador, instante, unidades) values (1000000000020, 20, 'Esquerdo', 'Medio', 200000020, date '2010-02-01', 5);
insert into reposicao (ean, nro, lado, altura, operador, instante, unidades) values (1000000000020, 20, 'Esquerdo', 'Superior', 200000020, date '2010-03-01', 5);
insert into reposicao (ean, nro, lado, altura, operador, instante, unidades) values (1000000000020, 20, 'Direito', 'Chao', 200000020, date '2010-04-01', 5);
insert into reposicao (ean, nro, lado, altura, operador, instante, unidades) values (1000000000020, 20, 'Direito', 'Medio', 200000020, date '2010-05-01', 5);
insert into reposicao (ean, nro, lado, altura, operador, instante, unidades) values (1000000000020, 20, 'Direito', 'Superior', 200000020, date '2010-06-01', 5);
insert into reposicao (ean, nro, lado, altura, operador, instante, unidades) values (1000000000021, 21, 'Esquerdo', 'Chao', 200000021, date '2010-01-01', 5);
insert into reposicao (ean, nro, lado, altura, operador, instante, unidades) values (1000000000021, 21, 'Esquerdo', 'Medio', 200000021, date '2010-02-01', 5);
insert into reposicao (ean, nro, lado, altura, operador, instante, unidades) values (1000000000021, 21, 'Esquerdo', 'Superior', 200000021, date '2010-03-01', 5);
insert into reposicao (ean, nro, lado, altura, operador, instante, unidades) values (1000000000021, 21, 'Direito', 'Chao', 200000021, date '2010-04-01', 5);
insert into reposicao (ean, nro, lado, altura, operador, instante, unidades) values (1000000000021, 21, 'Direito', 'Medio', 200000021, date '2010-05-01', 5);
insert into reposicao (ean, nro, lado, altura, operador, instante, unidades) values (1000000000021, 21, 'Direito', 'Superior', 200000021, date '2010-06-01', 5);
insert into reposicao (ean, nro, lado, altura, operador, instante, unidades) values (1000000000022, 22, 'Esquerdo', 'Chao', 200000022, date '2010-01-01', 5);
insert into reposicao (ean, nro, lado, altura, operador, instante, unidades) values (1000000000022, 22, 'Esquerdo', 'Medio', 200000022, date '2010-02-01', 5);
insert into reposicao (ean, nro, lado, altura, operador, instante, unidades) values (1000000000022, 22, 'Esquerdo', 'Superior', 200000022, date '2010-03-01', 5);
insert into reposicao (ean, nro, lado, altura, operador, instante, unidades) values (1000000000022, 22, 'Direito', 'Chao', 200000022, date '2010-04-01', 5);
insert into reposicao (ean, nro, lado, altura, operador, instante, unidades) values (1000000000022, 22, 'Direito', 'Medio', 200000022, date '2010-05-01', 5);
insert into reposicao (ean, nro, lado, altura, operador, instante, unidades) values (1000000000022, 22, 'Direito', 'Superior', 200000022, date '2010-06-01', 5);
insert into reposicao (ean, nro, lado, altura, operador, instante, unidades) values (1000000000023, 23, 'Esquerdo', 'Chao', 200000023, date '2010-01-01', 5);
insert into reposicao (ean, nro, lado, altura, operador, instante, unidades) values (1000000000023, 23, 'Esquerdo', 'Medio', 200000023, date '2010-02-01', 5);
insert into reposicao (ean, nro, lado, altura, operador, instante, unidades) values (1000000000023, 23, 'Esquerdo', 'Superior', 200000023, date '2010-03-01', 5);
insert into reposicao (ean, nro, lado, altura, operador, instante, unidades) values (1000000000023, 23, 'Direito', 'Chao', 200000023, date '2010-04-01', 5);
insert into reposicao (ean, nro, lado, altura, operador, instante, unidades) values (1000000000023, 23, 'Direito', 'Medio', 200000023, date '2010-05-01', 5);
insert into reposicao (ean, nro, lado, altura, operador, instante, unidades) values (1000000000023, 23, 'Direito', 'Superior', 200000023, date '2010-06-01', 5);
insert into reposicao (ean, nro, lado, altura, operador, instante, unidades) values (1000000000024, 24, 'Esquerdo', 'Chao', 200000024, date '2010-01-01', 5);
insert into reposicao (ean, nro, lado, altura, operador, instante, unidades) values (1000000000024, 24, 'Esquerdo', 'Medio', 200000024, date '2010-02-01', 5);
insert into reposicao (ean, nro, lado, altura, operador, instante, unidades) values (1000000000024, 24, 'Esquerdo', 'Superior', 200000024, date '2010-03-01', 5);
insert into reposicao (ean, nro, lado, altura, operador, instante, unidades) values (1000000000024, 24, 'Direito', 'Chao', 200000024, date '2010-04-01', 5);
insert into reposicao (ean, nro, lado, altura, operador, instante, unidades) values (1000000000024, 24, 'Direito', 'Medio', 200000024, date '2010-05-01', 5);
insert into reposicao (ean, nro, lado, altura, operador, instante, unidades) values (1000000000024, 24, 'Direito', 'Superior', 200000024, date '2010-06-01', 5);
insert into reposicao (ean, nro, lado, altura, operador, instante, unidades) values (1000000000025, 25, 'Esquerdo', 'Chao', 200000025, date '2010-01-01', 5);
insert into reposicao (ean, nro, lado, altura, operador, instante, unidades) values (1000000000025, 25, 'Esquerdo', 'Medio', 200000025, date '2010-02-01', 5);
insert into reposicao (ean, nro, lado, altura, operador, instante, unidades) values (1000000000025, 25, 'Esquerdo', 'Superior', 200000025, date '2010-03-01', 5);
insert into reposicao (ean, nro, lado, altura, operador, instante, unidades) values (1000000000025, 25, 'Direito', 'Chao', 200000025, date '2010-04-01', 5);
insert into reposicao (ean, nro, lado, altura, operador, instante, unidades) values (1000000000025, 25, 'Direito', 'Medio', 200000025, date '2010-05-01', 5);
insert into reposicao (ean, nro, lado, altura, operador, instante, unidades) values (1000000000025, 25, 'Direito', 'Superior', 200000025, date '2010-06-01', 5);
insert into reposicao (ean, nro, lado, altura, operador, instante, unidades) values (1000000000026, 26, 'Esquerdo', 'Chao', 200000026, date '2010-01-01', 5);
insert into reposicao (ean, nro, lado, altura, operador, instante, unidades) values (1000000000026, 26, 'Esquerdo', 'Medio', 200000026, date '2010-02-01', 5);
insert into reposicao (ean, nro, lado, altura, operador, instante, unidades) values (1000000000026, 26, 'Esquerdo', 'Superior', 200000026, date '2010-03-01', 5);
insert into reposicao (ean, nro, lado, altura, operador, instante, unidades) values (1000000000026, 26, 'Direito', 'Chao', 200000026, date '2010-04-01', 5);
insert into reposicao (ean, nro, lado, altura, operador, instante, unidades) values (1000000000026, 26, 'Direito', 'Medio', 200000026, date '2010-05-01', 5);
insert into reposicao (ean, nro, lado, altura, operador, instante, unidades) values (1000000000026, 26, 'Direito', 'Superior', 200000026, date '2010-06-01', 5);
insert into reposicao (ean, nro, lado, altura, operador, instante, unidades) values (1000000000027, 27, 'Esquerdo', 'Chao', 200000027, date '2010-01-01', 5);
insert into reposicao (ean, nro, lado, altura, operador, instante, unidades) values (1000000000027, 27, 'Esquerdo', 'Medio', 200000027, date '2010-02-01', 5);
insert into reposicao (ean, nro, lado, altura, operador, instante, unidades) values (1000000000027, 27, 'Esquerdo', 'Superior', 200000027, date '2010-03-01', 5);
insert into reposicao (ean, nro, lado, altura, operador, instante, unidades) values (1000000000027, 27, 'Direito', 'Chao', 200000027, date '2010-04-01', 5);
insert into reposicao (ean, nro, lado, altura, operador, instante, unidades) values (1000000000027, 27, 'Direito', 'Medio', 200000027, date '2010-05-01', 5);
insert into reposicao (ean, nro, lado, altura, operador, instante, unidades) values (1000000000027, 27, 'Direito', 'Superior', 200000027, date '2010-06-01', 5);
insert into reposicao (ean, nro, lado, altura, operador, instante, unidades) values (1000000000028, 28, 'Esquerdo', 'Chao', 200000028, date '2010-01-01', 5);
insert into reposicao (ean, nro, lado, altura, operador, instante, unidades) values (1000000000028, 28, 'Esquerdo', 'Medio', 200000028, date '2010-02-01', 5);
insert into reposicao (ean, nro, lado, altura, operador, instante, unidades) values (1000000000028, 28, 'Esquerdo', 'Superior', 200000028, date '2010-03-01', 5);
insert into reposicao (ean, nro, lado, altura, operador, instante, unidades) values (1000000000028, 28, 'Direito', 'Chao', 200000028, date '2010-04-01', 5);
insert into reposicao (ean, nro, lado, altura, operador, instante, unidades) values (1000000000028, 28, 'Direito', 'Medio', 200000028, date '2010-05-01', 5);
insert into reposicao (ean, nro, lado, altura, operador, instante, unidades) values (1000000000028, 28, 'Direito', 'Superior', 200000028, date '2010-06-01', 5);